pca1,pca2,pca3,pca4,pca5,pca6,pca7,pca8,pca9,pca10
6.92610136061671,-0.5351833707069291,4.352266625000085,-0.5713899895225549,-1.0593696888676505,0.2281130937002835,0.8120720291763183,0.2999453575367691,0.61754764071355,0.16230385073047024
6.119487515434287,-1.0257779517353944,2.8020821162292053,0.3403834067880846,1.0702931763261205,2.340260666099105,1.2635664864896896,-2.2201230341990557,1.5809023414515846,-0.19491707009856563
1.158921857652275,4.998391273198067,4.611441296265603,1.1489592714890653,0.49246803676306083,0.057561567783300675,-1.1299585278868547,-0.5345367034289515,0.5475983158401209,-2.213926906842923
7.120848834725835,-0.8446023982712804,4.423132520652109,-0.43697526659723873,-0.35142228415322185,-1.284945918667683,-0.410557322873821,0.4977412534387372,-0.13101204167909763,0.7055051723298197
4.296741421816454,3.52383701825042,4.416590967600431,-0.9439618614593973,-0.47360006486019995,-0.4880049748985026,-0.7149564775573546,0.0805204940323997,0.08795749589363851,-0.5439991301619895
5.971120400614426,-1.7550752693091032,3.5546593170587824,0.015398784784555133,0.10321283975205402,1.965796102688497,-1.3197127043624433,-1.1085911432943516,0.19765072674870252,-1.2413739989432417
5.418800943428655,-1.4287287516235214,3.9902265178396465,0.8282654640483174,0.8981671699520462,1.05719864096311,0.21390474033511533,-0.7732653659227428,0.5791378121501403,0.2991897799558532
6.436216640230709,-1.8446634745432997,2.6552701288422957,-0.8651843289336661,-0.957064514502099,0.0763291774408707,0.6521056277319073,0.48085585963281213,0.2614545151434844,1.278182188754917
6.168847566233265,-1.1428440419394668,3.4384244207588472,-0.1301539568442144,0.5807620541104268,-0.6397673431305685,-0.04843450067784122,-0.5626362885698857,-0.30641202476300444,1.3899258627280942
5.1452967436753845,-1.3274916341230891,3.8235469463502887,2.1182970875219618,1.1792577592161269,0.14112665987181217,-0.4168790826932922,-0.9969458201725249,0.1318170667071191,0.1275661743376913
6.516281888993758,-1.2461352810399233,3.8046195605677164,-0.2314624892372056,0.49191612241927996,-0.4560520277860195,-0.14230545869836062,0.11421327323114708,0.19086357609998714,0.7852901703057601
-7.785237332374145,-0.7763956882553201,5.802005088572842,-0.11890767349137701,0.9436798850088813,-0.39044164345735505,-0.3602222916090999,1.2145434830493747,-0.05161180536284687,0.16513266801062376
5.885417018559587,-0.6130883305546632,4.740560695891464,1.9419552335576729,-0.47077968849442625,0.3946271321151476,0.9221549682849235,-0.344406651375457,-0.607375681456421,0.38383691277297544
2.107470846975527,3.9631942739578228,3.006924122231449,-1.8243880632815026,2.0690190060926748,1.330307092647684,-1.5647205974778415,-0.8375650208872656,-0.19862827892084514,0.6917190990298877
-0.4148176823715455,6.1517733925622835,2.126453576198895,-1.0725672312339265,0.8846954381485327,1.8590551973969351,0.4972675700579001,-0.17724342516883335,-0.24123979779701427,0.3249462618701412
5.533928441805404,0.35621998675050925,4.529170577355829,1.724018509211044,0.8769963162392284,1.039927590546608,-0.6569030588488307,-1.935511132816495,0.19280377603450086,0.04573744750954131
5.666268838080141,1.3221880336812937,3.901767894960263,0.006115785099141558,-1.4442484105479922,0.07094145567382962,1.2482633084554269,0.1642610998192671,-0.029006139348172477,-0.7479629610082921
3.49459726811706,3.337906911446033,2.908500300607242,-1.1427305969853234,-0.16292338087805996,-0.743836886043898,0.21190983369067573,-0.16501129632330847,0.9053465942118932,-0.04141500746748146
-0.17104535238790294,5.220085143959265,2.8296430312371506,0.576364648030561,-0.8394909428229119,-0.4558426094598126,0.6096438391963996,1.781209084571439,-1.3461395292963891,0.8144878468674258
4.5043340025066625,1.5486354459483909,1.1676515207472955,-3.9493655594817323,0.26524484880225707,-0.7166248161966673,-0.6645723876726907,-0.18703373254935768,0.12730754523339421,0.27355013995320127
5.163521936237211,-0.34262633469250453,3.823434093129857,0.7529882536579002,0.49795421788270217,-1.1278057768200185,-0.22533158855518587,-0.014537510529356205,0.9730412494295378,0.40189892907719577
-6.586867577320585,-1.910024537558689,3.6574297004991196,-1.8616017647218905,1.2785411222398353,3.050588779609168,0.28175365146778103,1.6774542016416485,0.3484086382655286,-1.0486741946203897
-6.452783435220493,-1.39112547748263,3.8569674341115676,-1.8976388628901477,1.0292886167721922,1.9558409094272364,0.6348205194287669,1.9675225835885508,0.4321056000533343,-0.6090507834446911
1.2490131977954615,4.835396427855424,3.4490961974808187,1.6464412037331846,-0.39015016862581353,0.7389378280439853,-0.8880364494430417,-0.13273724834608527,0.015340677141143821,-1.6452166214621184
3.8826584354024254,1.7407561147309798,3.587320918566597,0.012561355315765091,-2.120905396341273,-1.0972743809472003,0.379584310227319,0.8757703543694325,-0.7545643541698951,-0.0888837237964616
4.410420022875129,-0.8316658638283622,2.572129168883671,-1.5354406458631578,0.45450826287342666,-1.82943120994097,-0.8909064807849133,0.05217667179776375,0.27238835324583,1.3045758744930205
5.042748955718411,0.5905850467853662,2.073580209913041,-2.5548568091562642,0.7048796159259402,-0.34941639772753297,-0.5323070266191762,-1.1174069834925948,0.6083126791172797,0.14094012910528125
4.598642796198369,-2.3951381154863878,1.0768281865577594,-1.9387537269779593,0.5929928819348238,1.005280469324457,-1.2788972821016023,-0.3765684856198176,-0.1247736461920889,-1.3347710202139111
-0.47917202022995237,5.080600233097758,1.4147397580245697,0.47164048473537146,-0.5682200978542272,0.779807426527758,0.41138165720281766,0.1432133127586522,2.290353158712421,0.4665224669349164
2.3826512573438117,1.4052428807617048,1.0521958345526912,-1.8863964828672708,0.2510003032110364,0.6638913668445332,0.43940753255804244,0.7401514890448126,-0.5956157667964347,0.047598744221869174
-6.319311093511591,-1.1458081462384306,4.974127834321905,-0.6967554928437532,0.26448923336334135,1.4140434570573772,0.5333795359218185,2.4267375664097712,-0.7448641878521874,1.0699753626940707
4.64939085457615,-0.5458266184972747,1.0277871026813854,-2.230717853472862,-0.7183692292933211,-0.2506303305049713,-0.6187006902409637,0.3751421817260904,-0.20047828015547084,-1.030596079388384
5.199222339342384,1.0512914400781856,1.2339735278940966,-1.622496810805224,-0.8735822840595894,0.2088490115495688,-0.4099375700509749,-0.3114182823615879,-0.03870739957363507,-1.4869209206628677
-6.100590898881996,-1.2802721249780715,4.225645719068855,-0.6502843548954245,1.8757898224556433,1.5748317220054204,0.39546807331689954,4.257052669616104,-0.4794090955347211,-0.49355619712041704
3.799420854285968,-0.5811731510934469,0.2667965867450065,-2.5868470920722832,-2.9606645543770367,0.4595372414265838,0.5609410729032375,1.1330126706126364,-0.5374804375462764,-2.2870067785518615
4.398219569168571,0.4832218763193464,2.7287466541098233,0.40477309617962776,-1.018702426877802,-0.28303025587102604,0.21732218006803908,-0.19430437530283504,0.24774015923088302,0.540073926722602
4.98234374691591,1.0519795910409298,1.7923127106110333,-0.21183524407594417,-2.1278416638201767,-1.1223947313211198,0.25851623313516015,0.8164033587466738,-0.335942578984006,-0.941593256005308
-8.04685199759861,-0.60266914945215,5.328753204021118,0.0030912860102835114,0.4086299048086288,0.513521383439153,-0.30533150259095876,-1.1641929900484804,-0.18041704551787843,-0.1522667735204368
4.735989912195916,-1.347645512607442,0.8397928016631592,-2.301346685738446,-0.24481816279639151,0.025648955800050315,0.15263674551150705,0.2421623939552999,-0.6522886520060915,-0.33125817403049673
4.983612510494798,-1.9119894278242453,1.1535056359978706,-1.8745603889367104,0.5854509372167856,-0.8872353216466503,-0.7121038669550227,0.1053934609410209,-0.12772218502885566,-0.09928785777701808
5.858071432054218,-2.9254713392085927,1.804189751225759,0.5477435945751314,0.9489501259281702,0.6920697329942772,-0.06421434215091613,-1.463048240305213,-0.27406439802514987,1.0135307432571734
5.42405626223021,-0.3242156151352345,0.20418181031771174,-2.567031306334093,-1.3204677781434353,0.09905597979403592,-0.20292524783461902,0.10262958197580059,0.5090434448036687,0.3826629723163361
4.912101146372086,-2.647594054495193,0.8650823369031856,-0.981416778115363,-0.2838734068292809,0.5721118979199611,-0.2668107524945157,0.12917506180167207,-0.23528516408024622,-0.504258218571511
2.8124572004263317,3.1587431304382094,0.9883230091948875,-1.3253224721861154,-1.236233858541282,0.7518482981693099,1.6504415345887173,-0.7422959834943634,1.7432172033132576,-0.0787381297853141
3.6083643804360674,-0.8939378871868198,2.261750426783791,0.7909392344452234,-0.30251150621146816,-0.23697382412407,0.0430696907816031,0.21690993137849304,-0.35001495150571377,-0.42504001368497407
-6.481751968181812,-0.7101081690644713,4.797197540740049,0.07852731329414224,0.2999513197097756,1.0200020374020164,-0.1299323864673593,1.0843128988021364,-1.2511403652283468,0.7619937385477101
3.9132679334131226,-1.6209219320792239,2.503882224395344,0.9863252313658875,-0.3709156862345012,0.7171589473152454,0.2098351686306118,0.13740039199540077,-1.1047902062093489,-0.5545213486850441
-7.217148915464607,-1.2960166044620827,4.508407796191026,-0.5236419967944435,1.4960642509761732,0.5432935594963906,-0.10592341680110703,0.7506602053928855,0.5960471133243802,-0.6079144994752637
4.862440695987712,-2.739509713056396,0.16866036167741655,-2.918691358886911,0.10867275216062623,0.8954841808043283,-0.6435618871692439,-0.5083384127197037,-0.3154222754279636,0.3589559610445852
-0.5758165298060101,4.173726800925168,1.4315787245904454,-0.09794886097099526,1.3297540173738556,-0.7033895393073137,-0.7966567443171642,-0.36650518085335093,-0.07736792217696029,0.22048653008889313
1.3233285992362696,3.2562672232165784,0.6039916403250243,-1.3774590120347994,-1.348937531674108,0.4469062029701651,0.3777572907731261,0.10552966526414985,-0.36429803009523476,-1.184095652685888
-6.834026180298465,-1.2906351339102267,3.1949777302200713,-1.0542704359678605,1.954040535101922,1.472003661712598,0.7019589061677695,0.9972025326051545,0.7707665788620226,-0.7473792352434492
3.2531726988296894,-0.24136243240547015,1.8942472601857567,0.0629328093970309,1.4847443681839283,0.559245771664975,-0.42228120580426004,-0.44906048344392463,-0.6208293808531316,-0.21796600072723346
4.413119442634758,-3.166954374697684,-0.07873544777359222,-3.0648407906005404,0.07597603232894976,-0.3067001714663298,-0.8968406075473595,0.03519947225789878,0.04126754615544905,-0.6014691636316701
-0.5729848630259341,4.798846700755265,0.6219390890399039,0.17947133296598686,0.5999047766380576,0.8099931801715012,-0.13319620509646982,-0.7758947885959842,-0.6353840310665168,-0.061932015181642444
3.400401029245909,-1.980141689352704,1.636125403832682,2.7448119187805,0.8716757172697743,0.9771552412961134,0.09782600118098558,-0.19672110175432977,-1.1992707867104788,-0.05961319989175473
4.795852300140095,-3.448839956004034,0.4241508198251146,-0.8960967508250447,0.24528667314468586,0.08108667028749166,0.4028613093794127,-0.13612583856503865,-0.8571450680413466,0.9000490176309176
5.138278669998127,-2.3909941782173005,1.4077988234683851,-0.09393350440784869,-2.029742583903545,1.8629871089063836,-2.0633750099812302,0.22965928521110193,1.3808363548200069,0.8094688153033086
3.3766733427265554,2.3967855150457273,1.607924298644417,-0.5872688568607257,-1.7044967724632594,0.20505521591842393,0.8663995197656228,0.5571493944793793,-0.8014399141448992,0.6145332913587499
4.070669907562619,-0.9588775565503215,1.8461984707050076,0.8910836593559975,0.08691875583111741,0.7417108904243833,0.739001404418466,-0.0850991854438369,-0.4066591075151481,0.09550917474018193
2.4862919248233886,2.2518681283460107,2.5191384941125614,0.9857694381465556,-1.1818159920993248,-1.954323932326998,0.31766915238056564,0.4754522736411907,0.7347597413269285,0.9215021412195324
3.475962789292958,-1.6269543859142708,1.587886369588839,0.8662372472052253,0.5870282176330082,-0.5184550615521356,0.387833177154571,0.576569666721247,-1.3848447797211787,1.5504844314527242
4.057662292134968,-0.36740463925789835,-0.1707126295832183,-2.590713726210019,1.3152503006491332,0.42166685644002666,0.2027507717764827,-1.2929927305345377,-0.6537397877686778,0.37903371203533925
4.281946718502557,-1.5892446007448537,-0.37167277261804893,-2.9500533384749987,-1.6293810328302634,0.6906142760965351,1.3666309663416376,-0.07710783767162009,1.853078800332472,-1.0130159516671815
-6.925318993672382,-1.6601661282743685,2.7304011524779748,-1.2430058572379847,0.6497720362146441,1.319791785739515,2.120865802859267,2.784593922979087,1.2064573552132036,0.3124641155941746
3.730768680487789,-0.26109254941126964,2.3396033361486777,0.8304310589334863,-0.06865982487524365,-0.273449165371396,-0.5649278042909808,0.32259712204875496,-0.7517902664509033,-0.21411315594944788
1.520700281825853,2.2879393947562208,0.3986483726038858,-1.5091159227890696,-1.2309207241961309,-0.5455036626231875,-0.4954437403748446,0.7851768139489783,-0.6228848899321235,-0.5706353260524658
1.6616519560299667,3.549592475392056,3.912045630018455,2.5812949057499757,-1.4424439824904107,-0.6871498075725088,-0.7405463109697881,0.4496133644532231,-0.6057094707110935,-0.48163095378145154
3.213761179247621,-0.37114195571154296,1.6767603600044734,1.6187227134857087,0.5918705123124627,2.007721307862681,-0.31842324044448755,-0.8259512661126351,-1.3888546109915803,-0.3404007859346598
-1.795503790378449,4.759749400223147,0.8052105490944235,-0.5770271959931526,2.545798397360325,1.1335886241261317,-1.0261300171058096,-1.3736239698177724,0.9123295527391666,-0.4375690182578925
4.615165142613349,0.7720330853840659,1.3563066652313907,-1.7713866105467306,-0.0691918593290856,-0.7093372612094964,0.10659964660148805,-0.2369598582572772,0.5235296266353132,-0.27002203625595167
4.590586813499163,-3.548039187919406,0.43654940125508723,-0.18168517284643879,0.11817073280447149,3.2329199426222326,-0.4005470978224421,-1.581577608591827,0.9465318998799874,-2.72750871866044
3.326794242477424,2.290551613225635,0.305054847401279,-1.5741311995316667,-0.2949437526436832,0.6140527391826087,0.7002011196150629,-0.03084244125621787,-0.23987655362304033,-0.9918292197716025
0.7010783192613609,4.094275649682418,2.8729850707112625,2.5042494556965917,-1.0552705094481034,-1.859279163821445,0.7058280039667393,0.6399972450937732,-1.3391075445749672,0.2648314629759761
4.291935996628106,-1.9432056558727617,0.9877985646508898,-1.5270591489117218,0.8821202269670456,0.20723117279772704,-1.0484710271170634,-0.4657212393056485,-0.238838267435172,0.4014832178748284
1.5721792825764649,3.6379601180148637,0.7562632371365691,-1.8162780175133562,-0.2798357361295232,-0.07668594956360734,0.08398018081073212,-0.042172190071723334,1.060631390511601,-0.5029131568185113
-1.2298447732496074,5.274179025022723,1.847007128184861,2.023890753697034,0.1621572785793654,-1.4812578914829095,-1.2096993907356632,-0.012329239368954767,0.40159709739673416,-0.005895763972407107
4.180096509495209,-1.1016959065882497,0.7648126792551277,-1.071670473836239,0.21084728834508892,-1.057796376532109,-0.23129233746725317,0.45441518404336695,-0.5670624697969915,0.1838521513338399
3.7930582024151547,-2.0345306507491547,0.8080643462060383,-0.488575927165716,0.6079282808464687,-0.5265915104369496,0.9543808536826935,0.22420941015690135,0.9499598079105567,0.552588945038456
-0.8393041981152057,3.8203123475410847,0.2197426146407875,-1.0979767653670907,1.4880160481246143,0.8463416475914501,-0.8249373466645399,-0.5913370617014513,-0.7641106012582876,0.9126361407738187
2.1579953062195387,2.2696751042154166,0.013407631787187242,-2.010835533202591,0.1693296861110463,0.3118767300776443,0.8261710631832312,-0.8152844612358748,1.0324618670857708,1.1389108822071567
-0.21723816410496521,3.948252323800537,0.7862328321377338,1.1535065530179964,0.305611154825841,0.25673180061220824,-0.3587144369852505,0.09418431339259202,-0.01271750190693896,-0.5691227802233032
2.9062270444102203,-0.6324353313855202,1.630123823641689,0.6307582383838086,-0.8046288346448677,-1.9470349074591948,-0.5624064483625177,0.9376964381571451,0.24868657890060647,-0.12187601767397736
2.0832507703958894,1.172073849336979,1.9108437253678083,2.7691819824285435,-1.073193698174818,0.16729232705573746,-0.6331659069833574,0.5522253178709571,-0.894329649152494,-1.424471988298174
4.5730249283266025,0.4863427824186456,1.2422411351951974,-0.7190297963948683,0.3018852692343841,-0.41971317975382694,-0.2144092269444885,-0.778509764508916,-0.25109211330611564,0.5197847718928553
3.1046222233072163,1.1636616645949909,0.2558050161441492,-1.8586720006837103,0.10410950159731282,-0.028329145178943586,-1.002978956201854,-0.4806193925426044,-0.3846322783963523,0.2209782219786915
-7.558883502529759,-2.03942377908763,3.3703117196812262,-0.7682978347781358,-1.3804896559584219,0.2372506190702563,0.5644600926623348,-1.6581075135699885,1.6359765853488601,1.4605970177554444
2.3510596486621096,-2.3562350982037414,1.7088009305013963,2.400959860229098,2.4213179512099026,-1.3166526128036822,-0.6911235619846038,-0.034411880054521816,-0.1976538424827781,1.0814854430736582
-1.2979944134638304,4.892389135442161,1.423485568537029,2.1562625226286705,-0.4028733843096372,-2.0231494902127234,-0.1708179827514457,0.0320174163485201,0.0069684940202091265,-0.23121210196313016
3.4486852402022397,-0.8161644583646663,1.8816623711228038,2.291027111142481,0.23730830484035137,0.2014312320492965,0.8055308883799769,-0.06838624933984568,-0.615245877957072,0.6619854031847819
3.684733599597065,1.4930534075963842,0.619875925342629,-0.212487210174092,-2.222739256778675,0.21163191518014787,0.7541517143639904,-0.14910264187893038,-0.03888070908953509,-0.8933152611977498
2.8873188759105646,-2.196540883725384,1.2313831985881132,1.0607161260355962,2.3080427970390986,-0.5702191114457041,-0.9415049726059646,-0.4870392883091907,0.023171875554013642,0.23325919280785357
3.83324674018204,-2.796441120318694,-0.6000697015452181,-2.0600001679015842,0.45421247683541094,1.201583890572679,0.4811380797681639,-0.6232770326831527,-1.2828650711386544,2.143959920971506
1.6478571582625332,2.6862113644534906,0.940586508748337,0.46652717600676047,-0.6526488871685772,-0.6877917549562452,0.17575730900311828,-0.0539494208386622,-0.13373598526390862,-1.72438044613101
1.3992058681278536,-3.787044834441296,-0.7630614717730066,-0.8221185526569065,-0.3267913170179356,-0.3067331171098316,-0.5214795620576562,0.4457620225334451,-0.26565787070323466,0.4324252362401842
-1.7612717570686787,4.700239011836292,0.22294042803670125,-0.39660271499492517,1.3073488600451508,1.4474350924840755,-0.7887754112586609,-1.111782965348211,-0.5122762988349305,-0.4114335448027801
3.202074920293738,1.3321764165631118,1.0345934518070394,0.05242527911237192,-0.5751579109703482,-1.32349998356587,0.6821886125057172,0.5814237705373348,0.16178674507583687,-0.3266719227236379
0.5783552235457878,3.292206690355989,0.049327120334272154,-1.3819416134707772,0.6059725083185121,0.36497474330204677,1.0693579432344824,-0.5712222059932772,0.615091728916661,1.5073032549421634
4.128542804257323,0.36784721638910367,0.8059462601834295,-0.047754972455163025,-0.7408069718865868,0.3782535000997933,1.3491191727010126,-0.8390291219350017,0.6328793087026721,0.5171429766824185
2.853556565979,-0.45313751288978066,2.214576595822457,2.900751481442659,-0.6821680711206476,-2.2055224710668013,-0.27577505719682555,0.6542125057594418,-0.12932941052790772,-0.3049025328904073
3.482578701595948,-0.9436367254597867,-0.1097542820351902,-1.0430095678557958,1.4883090911557975,0.630048896493527,1.3039518022589718,-1.2305314814010522,1.7068557454704099,0.06392185800050638
2.9847616857045525,2.2871100027248468,2.3692629651906643,2.2944391790092293,-1.6694519277409496,-1.6311910887613235,1.6633553088649904,0.6386278812100626,1.768508983900523,0.0010468250997373377
1.9869828074671088,2.295489887575131,0.6297611221171452,-0.4394778469109801,0.36575292132520537,-0.34529906332909643,1.4433815690950689,-0.09989672630437305,1.607120606337221,-0.11604915032702941
2.951524908792265,0.544738626081947,1.0416831429043678,0.18853749220967023,-0.6374918466519233,-0.19651220364303257,0.15146240833446545,-0.12252888958202167,-0.19411567943540567,-0.9477356914429294
-7.253530193937146,-2.1156166337390725,2.6015398447883595,-0.764399196008283,0.2853487940909815,0.8761968186604641,-0.14668912135228135,2.3629989809697767,-1.0326882567601348,-0.3288216354036817
3.3938896397757716,-2.550299483739254,0.372507519030019,-0.6227667704724804,0.6206623489706997,-1.3006487560597046,-0.69288513430961,0.7571134315137411,-0.6351095843616329,0.5863587622331534
-7.987374181789765,-2.048793421223796,2.876301765099286,-0.6014426261153284,0.3214331257902516,1.2037478971327518,0.384488121169539,1.8969158950986316,-0.6665959280231768,0.02514609997511145
-7.323715062982202,-1.834041573884648,2.835954721327823,-0.7407870376392965,1.2710891149223835,2.2114997984210105,0.9943726698282753,3.7419721972727036,-1.1998739391905564,0.279138895328172
3.8352171414719174,-0.48966123490928937,0.415592454966066,-1.6163425985594124,-0.7321880261878193,-0.6609905681498607,0.0971198594497636,0.49917862129782775,-0.17324857336152114,-0.74382969123261
4.308678710991296,0.5749122259446342,0.4430796613163929,-0.8016929791999915,-2.2808635976249936,0.45918687338092273,1.5894831229762452,0.6079114712023336,0.9577375583851213,0.6911058770132081
1.991618616575062,1.7955431835446227,0.2002420988353519,-1.2526651824079045,0.01938189211705074,0.3621504283640905,0.5152941280613045,0.09671765083172361,-2.236689816692284,1.5177227390737509
-7.269965423123809,-1.747610100806694,2.5786604850375188,-1.4597402632007257,1.6158527606255981,1.007746856649744,0.8236168887396524,2.0165866846179306,0.4752592113698427,-0.6943448179427056
-3.1206103468761333,5.219557882605432,-0.41106066413677667,1.6240381883371522,0.3513331585166711,-0.423048620178207,-0.2555626711841688,0.6571329657079129,-0.6115477418354185,-0.14583143945142726
-7.3148494489063856,-1.9118530077158882,2.6635206420882502,-0.7464514803019237,1.3255349424113136,0.6034000451122827,0.37240158981062166,1.4752853663959549,-0.36259588971766854,-0.3473966391712642
3.6328730769768303,-0.15896066681431995,0.7116126396336057,0.5257842280200161,-1.3630253424279934,-1.136667551453871,2.265385857229195,0.9705708117886858,-0.5059378654774495,1.2617253861188142
3.3275101074868787,-1.1366664746970192,1.1018003692018394,1.6056467579321372,0.08503685114595234,0.20817097513637317,1.3956509526952143,-0.585908257545435,0.7287615928291019,-0.2117798603069561
2.306499020710716,0.14945417069087624,-0.5305671795953725,-0.32684039597263254,-1.102319920964356,-1.5261903461783786,0.4204815897145306,0.6609087197842496,1.2093082777216764,-0.5408942253122908
-2.4595098235929633,4.378461623332322,0.4949061771088956,0.7354534987972478,-0.7135913480892428,0.004831285659314756,-0.11132522622051569,0.6327763952565719,-0.7712192083180605,0.561684360112057
0.06100171069265579,3.5610254201555307,0.8807758815824386,2.5179794809120915,-1.3569888559337417,-2.418106525058165,1.8585087174727115,0.9082593932525673,2.0397958041977438,-0.28468008155921365
-2.0638303965086333,5.007335593972891,0.3844168894504234,0.933877449813079,-0.43819256451356364,0.7588072846043364,1.689571913726472,-0.21079952025596388,1.2570382820214567,0.095868927581933
3.797120189083306,-0.9520725267016302,0.3666272366964497,0.2405487610710567,-0.8751512062344549,3.643750826361109,2.0024283853303495,-1.4743367778321883,0.4660439704723042,-0.6765263865056234
0.8686136619519987,2.2486601244001547,-1.250735764910679,-2.70494058795409,1.5435885848953905,1.3505057392176214,-0.28928544602625794,-1.0235193641376372,-1.275016010910562,0.8214394841857399
3.2859872387359577,-3.0192327877098313,-0.5836279559002792,-1.0147300348790187,-0.015538727385471683,-0.7906043127874579,-0.5474389856691679,0.21346007547814236,0.2059934089539001,-0.37133071183575594
2.589426600575849,1.7652840263699099,1.0563547325506557,-0.6740228576143918,-2.2300208852219487,0.4773140035300645,0.14771418342924394,1.1154898691500903,-1.1394031590986329,-1.5453452396707483
2.6051479614845587,-2.9648702381479133,0.23765280944015468,0.7248649369380693,2.1272716021632387,0.02474357427090159,0.20084349568441245,-0.49388102192306677,-0.36254600547611643,1.1065058932138767
0.8451870921757096,1.5672795697324047,-1.01120899070253,-1.9043540459985997,-0.9263095344582611,-0.0184011677037426,-0.962888991984585,0.9202026715487156,-0.7902086262042451,-0.7604027365882765
1.8830748614393236,2.281091089242175,0.3432871199118019,-0.25706808171608714,-0.2706651189007055,-1.2967605157707012,0.12508547508582557,0.5612721484273783,0.04108630586533312,0.16025742862106812
2.048527469209345,-4.572774273623194,-1.3521777716604508,-2.092846310327634,2.6886414134992207,-1.0306348085589132,-0.574963516500819,0.7351015788849236,-0.9793226711020073,0.7936908578481623
2.6413265778657684,1.3992616187765226,0.9095839810183052,-0.17356140297863157,-0.58725461391896,-1.1506537700924233,-0.37479700564481355,0.12577850070868224,-0.41007682513429367,0.13491014981708813
-1.226548234034969,2.8791052541882878,-0.8435478702427018,-1.4286593892584691,0.5736284258807238,-0.7255838335617945,-0.8619577761048214,0.6192420710602423,0.27698319847703023,0.5555584771351961
2.380898490235822,1.9423310739374595,0.6411922251683639,-0.9778153503694671,-0.026505585606089115,-0.3618210671392044,-0.44019432929988106,-0.6999889132314101,-0.431580656955114,-0.49853910793630457
3.6821694198344623,-1.3368979923183897,1.1507164646516168,1.0695892660239654,-0.13549542823010774,-1.9941389490094752,-0.8002391691016986,0.20974534396693129,0.6411462677022316,0.36085527259043143
-0.730569357955888,2.5484442812513435,0.5369072184346062,2.685034248302107,-1.0597690163679738,1.5005719795917423,-3.034170708356957,0.6520424175317516,1.1128301939823855,0.9186424500766279
2.6859795272806037,-1.3963323913952088,-0.11563407594709375,-1.5677983159403448,1.8393101684585056,-1.6704759865557282,-1.2030002604130388,-0.20272519882949833,0.5298480921363505,0.25037205654120276
3.4749939287581055,-1.6689477049801837,0.30880076509967147,1.1192264971951957,0.6750364473475493,1.8190907576831665,1.4241551751335726,-1.7083717660574904,0.5574209915682122,0.21334863923627628
2.8811790849772048,-1.9699461570339258,-0.4438883225400662,0.2592964398277353,-0.4842004210951845,-0.17797096837914192,2.0253192532008235,0.21812284903166812,-0.0168870956363545,0.6172942531015192
0.07784559024224585,4.037130417077754,0.10544642034423497,-1.1463076902163287,1.4019475214560593,-0.671264965925355,0.19574093035437146,-0.32034524375912976,-0.3435327291733662,1.1951829473677777
0.7919885522932664,1.7847204130458616,-2.5697014782853724,-3.48960846764596,2.1150687006942417,1.426847508458941,0.3268150661380819,-1.7553243474087867,-1.1700119298247893,0.8376357132230113
3.259513969403499,-1.4383685439365863,0.6396418749617585,1.3378822735973401,0.06580569266895563,1.8826982519163828,1.697761198560222,-0.7584875366629751,0.9374019699636512,0.46774714627889885
2.963474648177866,0.4034365843016936,-0.36435912448675256,-0.5778774102395674,-1.2962461397159102,0.570868605847587,2.316583230668516,-0.803451150393301,1.1293566374728117,-1.1319929170461223
2.5158121578543837,-3.3427765336355537,-1.381573368979839,-0.834226936123434,1.6088835457701671,0.19981180199900633,1.8997023015519903,-0.9314695791330448,0.8967174033478499,0.5810755851195588
3.2051977664840416,-1.0143420559471537,-0.7587200443071906,-0.6502902566480022,-0.6755991601338324,-0.7122341618101758,0.18507635143699008,0.5140542830629826,-0.7597273688192433,-0.05455184863677312
0.9209554441558992,1.0759642969445022,0.2531767808786723,-0.20284412698660498,-0.4435232549843738,-2.133375232721619,-0.5831933384540956,0.568063170920371,0.3635357221577607,-0.3058201118205224
-0.20597553588105127,3.3640704865338944,-0.18157269568013837,-0.06572695979643672,0.3528875159462352,-0.20872513383034302,-0.6558745170539236,-0.21587348106601253,-0.5088116491027181,-0.3323997987950077
0.7692403236433455,-2.5588797064897006,0.38796274074609666,4.138911925587953,1.5486349119695504,2.341499494361699,-0.5297084878919924,-0.015415771520734155,-1.3804431855123698,-1.4334921992644656
-0.08955981533213798,3.942319009127143,-0.20873522196443461,-1.1237491796270533,0.05857199578040173,1.1069091103320974,-0.40329386739436224,-0.9297116473215704,-0.657135723827812,-0.6972888966915479
3.6789642841517187,-2.4505835807328644,-0.14510066327972418,-0.3041416203415575,0.10159838901949969,0.9749923336189675,0.6745604381364253,-1.2731098497243443,0.11364299709711577,-0.4488790647574246
-6.016769201652719,-1.823448881260124,2.3309903190133685,-0.9350926526820814,1.578676982301249,1.1648421795378658,0.38095054176409615,1.1191142857000103,0.6193691164480853,-1.2239988124603014
1.876437257455763,-0.6972818913248988,0.018003933860137915,2.0681747596533366,0.6088554073111835,2.4965990970761447,-0.2540875796028488,-0.6528874499347568,-1.122497255065922,-1.6318903809227425
2.6554617613059035,0.3292725572242948,-1.3864926515606755,-1.927216587880911,-2.4538555737005634,0.12131617577102818,1.2452474541288385,0.8606989006344212,1.2405816070902314,0.8618747306971541
3.059708468866667,2.008194472651621,1.757819980403887,-0.20867442730839728,0.007764937410905631,-1.374771853539346,-0.26419594968530374,-1.0932348018167046,0.3082700040578516,1.025632876556001
-8.588453214724014,-2.396599940092488,3.304094914263726,-0.8217535613825758,-2.6424611766845323,0.037190132179761436,0.0365143035404251,-1.6652195984084373,-1.5521855177889974,-0.29032805973156545
2.338924193658951,-0.04949601246221264,1.1080668457664649,0.7353416801846189,0.3448675778954138,0.18587132942976836,-0.6484666882262872,-0.1434255558692914,-1.0171313359819816,-0.06499921879937716
3.0491243477469308,-3.55803860510908,-0.7204823740217158,-0.2973862366653902,0.7192465251225099,0.9577295065073077,-0.3985551415728538,0.0775517425494243,-1.4364640829043587,-0.2894111893597439
1.1881985443713454,1.4377726770767842,-0.9212893548115645,-1.9649299462356016,0.31153553636131726,0.7748314057595852,-0.9007790926613565,-1.2818828184705624,-0.2063076368706116,-0.48198847720571764
2.9027662533422025,-2.3585887540028017,-0.335513376096314,-0.9000992145903867,1.8609710518400928,0.19233001851696696,-0.5361886610165243,-0.02368404206456308,-0.7029704054730415,0.11769444818219203
2.267538777677884,-2.0848759630210973,-0.4344226345334715,-0.863968887792054,1.0901691760875099,-0.557093217932965,-0.23088714361562576,0.1217361631848023,-1.1727028540825062,0.7638387522279927
-3.0971409403540395,4.570755424018486,-0.7800683846035912,0.2782692722745706,1.9064788053846193,0.7877257044081232,-1.0755172979635654,-0.4536739895373335,-0.5748799651291107,0.36270147958707116
1.964257616723405,-1.603632756881517,0.8878985739828561,1.9644157986275745,-0.22886571180467188,0.6263476165535695,-2.4712144712229973,0.3730397443722025,1.1763521609523981,2.222250743939824
-6.7408478633994005,-1.3017358132931431,2.7315106130309283,-0.5227865671522581,2.170375704557606,-0.9660493301747181,1.1893860346493486,2.363938133946546,2.4016001621783865,-0.3432945863331604
-0.3855992837357576,3.18548073657002,0.07348378612722403,0.24924439498272047,0.02724446246413096,-0.6978062265489074,-0.6564078952534904,-0.9190471590505129,-0.18522681961173643,0.016606951694447133
1.3062234530253105,1.1988681449291025,-1.8247959340665494,-3.2228792856617425,0.11134117499594777,1.2305350496579472,0.5416597468456675,-1.052680350798946,-1.2545731431432274,0.14899024921045745
-9.652714072247468,-3.2203457298809965,2.408472790695076,-0.6991607914989345,-4.161416137125576,-0.731407596684724,-2.663001626239614,-1.3606558861962976,0.7939147272385925,1.4246556623446105
-4.369204043178813,3.7766074014859305,-0.4695767662015053,0.7482037156533854,-0.3908428454753279,2.5765240456759115,-3.2609088210965553,0.4875431204064332,0.7652282953754878,1.7977354612735577
2.001892671591422,-0.9571970616299439,-1.0066297297858682,-0.6229589343476832,-2.5149534634048596,-0.6311125777574744,-2.776472965528608,1.770064846511915,1.86861912769811,0.28476021636071003
1.3049187048265827,-0.03968083113585186,-0.9054204125701186,-0.39043203554208433,-0.5728766478562818,0.4716937045325989,1.2547910309543169,-0.1558784655634736,0.27805973994564565,-0.4397594828713991
-2.205510299589863,3.7766677825252812,0.47155876544444575,0.6868098157214679,1.300742830843603,-0.6065777913071914,-0.2058015498828046,-0.21542640640744812,-0.4335857593173093,1.2440263078256755
2.893369563350373,-1.1486953017712271,0.49867006244623324,1.3721787758706252,0.6073924736613875,-0.14664172870414408,0.6625090332127064,-0.6792045769417561,-1.0743416439275304,0.6352921159941766
2.183242219521233,1.2921199457487433,-0.9276257789180481,-2.6917262576634275,1.2465966603964573,-0.1031343696095179,0.14981051678437843,-0.7261670612351143,-0.4192240136914199,0.15822700103457243
-2.5355323386371933,4.441490172731179,0.4790545698843525,3.187020469614507,-0.5830578006168868,-0.34464057739790643,1.5456255307985898,0.19541210785233992,0.731776094078321,0.06668521876845018
-6.074581288934038,-1.3124853218557357,2.172182229142422,-1.3054349770291385,2.273766481843355,1.8545803800223444,0.38648301516720696,1.1224235430602199,0.7581396732723157,-1.3695735883526803
-6.7109701571413245,-1.7082095731090046,2.651329397540385,-1.0001050779899587,2.9279001521222128,-0.29002768339054397,0.46100045031063697,2.9620013738680186,0.9471990523819698,-0.9578750465948986
1.6616483464834246,-1.6282531264184241,0.9970882747650964,2.8567356941725692,1.2380990289411637,-0.9102366413591728,-0.6737161884213967,0.1950438613312576,-0.4870174468813832,0.08911238422835424
0.9428270781127375,-1.060514321313277,-2.7285788734206173,-4.167939578152426,0.9740786683897139,-1.1132085405142071,-1.031302997842236,0.6442347525317225,-0.6898643672163751,0.00191438908063395
1.6344255250040618,2.6191138070078384,0.054045579327915545,-0.011434436943802266,-0.23234567634149267,-0.8553914374373904,0.04524088850274693,0.254789981454915,-0.7098037354748705,-0.7707168148960324
1.3243529736546764,2.2721375422869032,0.0770990109657322,0.1343528339291758,-0.6253769718676381,-0.3405407445757509,-0.259751653645541,-0.7979642725436614,-0.5548518411495649,-0.4210121829802579
-0.0066737931326556746,1.3801848755794375,-2.175077877474265,-2.859361272086761,0.8496214297755547,-0.9694476638357548,-0.5538819855493464,0.23356074454004494,-0.7717294047227222,-0.6524858290657838
1.9610633468726855,1.8876466359803699,-0.28350586649270965,0.15194718953344943,-0.43361347382242527,0.10088470302644871,0.6777242755252625,-0.6266801500136525,-0.21781072966425855,-0.2907519234040015
-0.07224703300458633,0.981279335122028,-0.8983487255755257,-1.9757342902375044,0.7430704888155163,-1.9881884302616881,-1.2300286106510374,0.9054591958034145,0.11433857720397313,-0.3664493339464459
2.30423571920676,-0.6006304073315321,0.6105115846661481,2.2815203451092003,0.8618805876439026,-0.8795098836691579,0.21627971694183853,-0.6945151022633386,0.15058870759413379,0.2784344592964406
0.8189159816579535,2.5105025774072804,0.21921352877137618,-1.791228429153354,1.6710210322221049,-1.541698671421699,-0.7069220686124695,-0.36700469274780556,-0.0182888127674219,1.068505377682346
-8.115088144121225,-2.011913608150115,2.6512043598633386,-0.7929094879182782,-0.9146247375291777,-2.353471088245705,-0.4404287805084916,-2.5257049025445784,0.08484000909203272,-0.2781178226464154
2.6924871882246526,-3.1685402470301605,-0.9183275374341162,-0.06967180368459716,0.2219436182816016,0.47023229502226976,-0.13249233218770062,-0.22573024053007484,-1.074044317516986,-0.6475747070452729
-3.4724317920291488,4.681024216935379,-1.5266070301177412,0.23038633849705656,-0.17892158742773467,1.2031163049975708,0.11613043493062376,0.5662898838530587,-1.6383917245067938,0.9208081417759626
2.517588552349627,-2.770609295359728,-0.8144021530968863,0.14941223144283725,-1.294496612216466,-0.18136876779609462,0.8947865837903509,1.2370101637019928,-1.7780237163328452,0.4943897024595491
0.8281482823142606,-3.4173108965488526,-0.7460945428130551,2.77824485450859,0.5972154090672831,2.1422890784489024,-0.805741041728078,-0.19821687324011356,-0.5649965615057596,-1.6988842729047728
2.121259282640657,-2.819354683798372,-0.25832607124674734,0.3691597741059811,1.1455843523057563,0.08904974402119849,-1.0422552887195617,-0.03734793972135903,-0.6766463809426931,-0.46161192711294297
1.554345475356433,-2.327166857704409,-1.3284135420695744,-0.6083703603939415,-1.5779367438635354,0.7972435538833824,-2.3765447952481904,1.4256691658158043,0.40262010878774246,2.2471531389740202
2.8589383470388334,-3.395692237674036,-0.42975383202672696,1.0164815443492945,0.012734479377880734,1.3017434543248385,-3.083064618641381,0.26366463852802347,2.135740393877547,0.5017508166692507
-7.880535641327216,-1.659013080702366,2.539488802113294,-0.9125330612788619,2.125202920410586,1.025484909928849,-0.11083471714539217,1.017318269569728,0.7921758933425217,-1.1320909814376108
2.3423949565541093,-0.5189576987088003,0.9197412145942954,1.3656873981125341,1.0348442909422908,-2.4464789972564045,-1.0099863080084763,-0.2525091498229488,0.5395311836170683,0.1610716817592621
2.460606603478101,1.578430989979448,-0.11726586973387358,0.45202935210451484,-0.4406722195108294,0.09803083278619847,1.2700328198084072,0.06570138710978024,-1.134297573912692,0.9554786919732089
3.737249952802832,-1.1565284551101547,-0.4318043684955343,0.15104485306884027,-0.7747552705594557,0.3420583682479249,1.9176275360229031,0.04498127433908276,-0.3625983071057804,1.3167790877846302
-1.7633755749472342,3.675846533393336,-2.5310242516180392,-1.2628915216631118,0.563116997486001,1.9369350327648065,0.3529369972211229,-0.07148398096715723,-1.1154632013337291,0.6076675878884327
-1.4539508331247042,2.9010539456009656,-0.9018713826446128,-0.006793346179260455,0.5634087066178883,0.26918047067833667,-0.97189216501906,-0.3359420735920783,0.2287973767942542,-1.718620466833488
-7.168110898915231,-1.9681558784156548,1.2768200518533257,-0.1912988171041609,1.4711933738568452,-0.18589577893881856,2.0243039518846566,1.8900569753928471,1.8250998654095856,0.01683802405433276
-2.9921149885783036,3.6891939918039633,-1.1627885640729259,-0.6007032070696404,0.32310644242692055,0.6231210473911598,-1.3058855076595395,-0.7309646954079126,0.47379032261382986,-1.0992575021567907
-2.524393010024183,3.9807683509961485,-1.5536464885464691,1.0297856077079388,-0.30635665281126984,1.1793373313125193,0.42572235889491944,-0.22537618999163836,1.8168939054589386,-0.18565573412153435
2.3729831930822236,0.8158852770621987,-1.0291493878182307,-1.3427765485843282,-0.7314625299216604,-0.015505092545373172,1.146553752935566,-0.3884851838501396,1.7559469521826108,1.073161451053966
1.0520253016323549,-0.286196134789236,-0.44379682862472647,0.18603111733335667,0.014098141400973199,-1.9746405829254279,-1.2756751172246705,0.2882309770243276,0.8764870090283621,-1.0236195395960423
-9.000343031400106,-2.4727925572690057,2.4354189725302926,-0.3450826544144001,-1.0876616979564941,-2.010592423637371,-0.5089421438008489,-1.6660374148320278,-0.35722000052155684,0.7568719520506599
0.5172329261004402,2.738627386615591,-0.5784132139139982,0.36336517549317326,0.6343688971648891,0.05174702813985901,1.631024691109443,-0.3761728207834439,0.5706449244500714,1.175988306452355
0.005645200956808821,2.664567106016567,-0.5475684502405451,0.4662371745429505,-1.34269967390333,-0.5498409985626856,0.6627270459372645,0.3945386023583829,-0.6264770429378426,0.09795903397273951
2.5108281909814076,-3.5325651900811055,-1.627685200036705,-0.8734957817412112,-1.2226316973490707,0.9516829880940694,0.8461922257129113,1.3755476466285146,-2.3495767584539213,0.5135265291168052
0.24399036999481358,-2.5069910615231827,-1.7153792972061546,-0.11881002096078214,-0.7746106256988197,-0.008523600616090268,0.5164172220780213,0.6920373005523331,-1.5641876462043076,1.2534564606450194
-2.0510075458573764,3.1723658670157944,-1.515010756772169,1.475458712571394,-0.8877080816691185,0.6105885435186329,-3.003449922151801,1.1241795142983972,0.9928529207583131,2.2214888539067608
0.8313093022926312,-1.9554837114740242,-1.4959931456451248,0.7662318814404931,1.2134064800687352,0.4746593185752075,-1.0580615417817834,-0.4216939056525681,-0.15509605316144784,-1.2342757601530276
1.9232403754785845,1.1055842943441765,0.013479248474314429,-0.2020190105586559,0.9190791032540881,-2.7273242201153836,-1.5178906308354867,-0.2611384437216726,1.4139500052424234,-1.5779918127611374
-2.1080240886109425,3.13375343328556,-1.7840506230705377,0.5892358713881356,-0.24989243760089241,0.9212339808982999,1.189451616693089,-0.24180646383928195,0.058550300412650906,0.06950217631575042
-1.648249522007978,3.48781174581943,-1.1882276461059098,0.3040240713927528,0.9809957893238834,-0.30484662441419996,-0.5969732935848474,0.039944310756523854,-0.265843912682323,0.13887529535810533
1.9194761153908924,-1.9088045677082732,-1.6385144591502556,-0.8274818312158682,1.0154981977633493,-0.032691853332049665,0.08842535468236466,-0.6401328858811814,-1.070636357895715,0.1622782296813797
-7.831111711810079,-1.5215825359327146,2.7883196818856333,0.3332795927855426,0.5971525769507245,-1.046266149841258,0.6321165082331663,1.040363590249372,0.32212573331534694,0.8307139861872238
1.8817054876812755,-2.7349300710721667,-1.793508857899472,-0.7913083723443889,0.893912150851646,-1.0482962192655618,0.2412235768042766,0.03999875219866755,0.24279382035475575,0.07501586172446868
1.375059990930165,-2.3250568368035025,-1.5872729154402268,-0.48744355007840245,0.21607662133924302,0.46743879811448225,1.4768107233774828,-0.3241661195159013,1.57542496157081,-0.30531070326961335
1.3073396079582997,-1.870466972349201,-0.3138488353860161,2.3474000593740336,-0.23473267094136355,-0.4963326771979854,-0.13552468641722198,0.3833405362540021,-0.840399357326693,-0.18851378169879152
-1.151195901120267,2.045106749730102,-1.3716209531781118,0.01939983178831476,0.3331654394518374,-0.47656401517755587,-0.369260065950938,0.3212407043439412,-0.739724771735345,0.3739018034412737
-1.821565054198073,3.0812962029392663,-1.25107436448502,-1.3840329619780876,1.6306125282328383,-0.21009668061501188,-0.32758647999737106,-0.15005492110406743,-0.8480247084288889,0.7932434633896515
1.8668346528854467,-2.193053304472122,-0.9097738948360853,1.6944492227709977,-0.2991328645587404,0.5561360404281643,1.2358356447535204,-0.6252127689221635,1.1871311023187099,0.6087423748094581
1.9298797370270964,-0.7591528832480429,-1.691651539607537,-0.4002966537429791,-1.9325882046760638,0.9533837137488511,1.1618630110827055,-0.03818576335555525,1.2378549307873423,-0.5508310207375313
0.8591596816214937,-2.067976343743953,0.05671701304620913,4.245530290877023,0.2821636425718169,0.540147222693518,0.9767942079921661,0.0047160306934160515,0.8979072402559783,1.3620675857328592
0.20822198606307196,0.35700305693828305,-0.22760990234628006,2.590337226704377,0.5238744816362411,-0.33855657995476196,-0.5004868414455197,-0.07971466648399501,-0.6440208015373594,-1.270695836773654
-0.4211450566138185,1.1917334774101733,-2.1119645874248327,-1.9091061310018766,1.6678632299507417,0.27335954753267955,-0.13421728714310494,-1.0349328415789076,-0.9019058014119655,0.7319412682933505
-8.076096864139343,-2.3594737546890703,1.9666410135455767,-0.761921032541678,1.353961428959301,0.4460727456398215,0.9447003569855316,2.7219288787433653,0.38142739802229025,0.30149702729034794
-2.843395451008256,4.714355882795492,-1.088268710630478,0.14965675691303484,0.8881700540675868,0.1650414465952507,0.2743908119864882,-0.6134984028319551,-0.14727784000392735,0.5977538444427036
-0.24585649651234362,2.6011182126866936,-1.5828922133207926,-1.64196076743834,1.3949894406091106,-1.142059456371607,0.9153749382581589,-0.8442338597247232,2.2084385989179895,0.27731898038998565
-0.9147688886654364,1.9147846495444367,-2.265377566526278,-2.6885591251805847,1.908532405486667,0.3838627843732504,-0.17894636730206034,-0.7597226453297716,-1.0894286512188784,0.6725075632971614
1.9826178208334009,-0.3772269154404463,-0.5634337022546183,0.6093408179223168,-0.3217977123259454,0.2012983261616141,0.03479519670044768,-0.19385207768814364,-1.2136690771920549,-0.5068913777651884
0.7475351430495388,-1.0240621384945747,-2.0361763521938596,-0.9120987270980244,0.2613535685903111,-1.1064369893531374,-1.0131848657258784,-0.28462233605857845,1.0602309106685048,-2.2407167344898924
-9.126488419725181,-3.1731294473961276,1.190661555878027,-1.066118543257683,-2.1387526650142115,0.042885062359170174,0.22680440970946714,-2.639111526382919,-1.540191171306577,-0.24277928182601638
2.7376212874052666,-1.9368154665996533,-1.6266565284355088,-0.768627606588519,-2.3757370295052866,-0.395032654299648,0.4108200925894682,1.0100472158872333,-0.6603621824087281,-1.5281570785610012
1.5560728776505952,-3.137350273519391,-1.1923486676008828,2.043541770872173,-1.0836736006636696,2.514312543572547,-2.279189119622041,0.3560615036183573,0.2781382710792479,1.065075216334379
1.6678247636034786,-2.0238397609485834,-1.3912626427292765,0.7319293219046674,-1.1152925582917472,0.6229922183541202,-2.485757546828226,0.6084118687778524,1.0357464013298678,1.232169139839572
1.2634828859421614,-0.4213705064309793,-2.5676021836692935,-1.1694683569907804,-4.134740712124806,0.9849263356640666,-2.4601299615204533,1.468795715131058,0.8009196301051945,-0.39932141670618454
0.27569732196821617,-0.04743426933108272,-1.4791431754684294,0.07905767288600939,-3.633380684947631,1.4960957178292629,-2.412834890640641,1.496429214482256,0.08105323107820311,0.5634875871843491
-0.6977820570134949,0.6773917969886821,-1.6246992195427592,0.11073880790131323,-1.3944969208991747,1.3679410275373447,-2.3364176414739917,0.6115914035066194,0.4250768439891984,2.042342721459703
1.266528058495894,-4.168054989624909,-1.9204461216529454,1.1590452888603844,0.8538258968526381,0.18410290450897038,-0.9878955502713902,-0.09398291197796277,0.13285912753477472,-1.668804633509399
-0.9574594886550779,1.9367318209134416,-1.4700439388659878,-1.2402276824105591,2.107630654419622,-1.492847889633068,-0.8985295761199258,-0.5980566401266334,8.761007409236664e-06,1.2913136206352873
-0.3585883964588363,2.995529965311782,-2.0091161711412204,0.07091871840566241,0.3346694482838436,-0.8484793563875064,2.2955897310956237,-0.3595349503034829,0.840312166328483,0.07862510507876896
1.3565455932233894,-3.2216000778725484,-1.1760158439771375,0.882323795282003,0.32963160147195175,0.7242768410268761,0.5554236142973599,-0.23603842877283884,-0.6190653474528259,-0.628179959276802
-1.0887607187329367,2.6880146967887173,-1.2781079397704274,0.00653143874213781,0.8449785241227065,-1.442693973396035,0.23576921643471582,-0.06202593812602154,-0.12984718225734504,1.1664929826502815
0.8402659053674593,2.358138856645021,-0.7190347604847701,1.0231574276033142,-0.6911449706750661,-1.422882878830656,1.0749630590521089,0.9266943489130182,-0.7528362445913935,0.07767367061933475
-0.36491965841414215,-2.5810342426932364,-1.1966578254573346,2.9411258947575174,0.9960682307602272,0.8104510756137149,-0.9447677865934164,0.2909835548067612,-0.9439535145646297,-0.7908021289908002
0.8996234476027399,1.1463463938399783,-2.0570338293279957,-0.04672973680483429,-1.1566031782494963,0.6678476459821168,1.2044642903696972,0.34304184503573915,0.7636526345830102,0.9754823705526754
-0.32627689739270455,1.9272104994230146,-2.0443128234758,-0.04017003014082877,-2.6688263653129383,0.7023834160393753,1.3079578748524479,0.5595123413171204,0.9635860955466662,-0.46684388432647406
2.6339020539988374,-2.1773155771614703,-2.198768346369767,-0.2730759647224747,-0.6988721995077825,2.124460074514713,1.7049351495992249,-0.779378231513723,0.3063286686738204,0.37516027136984226
-3.3939679169873966,4.02982643242665,-2.1288750828653606,0.6481268192419098,0.6907668527945564,0.24532158936495682,0.45171931111123514,-0.2288265394880442,1.9335278409165875,1.144662538201387
1.4300204027447363,-3.022990005613915,-1.237333691922476,0.6199944834670936,2.409639715070093,0.8663457988342437,0.10881991188369997,-0.8366988100902929,-0.821453875597678,0.860661837409234
-3.2424206273344844,3.388815405607455,-1.24057818287349,-0.1832502385139835,1.3653452339999717,-0.6919719822570461,-1.022928262067251,-0.18343812950518754,-0.2123005568134244,-1.0302926763182625
1.1386805283991852,-1.0294951082366648,-1.3972970667800177,0.7867425742910918,0.1417815544022221,-0.9492746820827319,-0.5694394265292662,0.17223839153678702,0.27860466183100785,-1.7568885838532176
-2.231898244967737,3.7532555286814566,-1.0919317956500314,0.37455075927212755,0.6778990132613572,-0.02004743864435509,-0.10507023539934277,-0.10986839016593943,-0.4953591369547174,0.4378462949037554
1.219121939448782,-1.7072440229728738,-0.6161267192061072,2.4080317797058153,0.027660909575855794,-0.7894153144524938,-0.17370244262816908,-0.38102256626128994,-0.24601543375204815,-0.4759842687212426
-8.342503451384294,-2.091678880337936,2.20012817429049,-0.8064244559819154,-2.057871333503499,0.2737661037659945,0.5395190917723246,-4.722835107715295,-0.3049014883915392,-0.6991459046381359
-9.19755679656799,-2.1647077858404997,1.457113643056413,0.14410037021791072,-0.6516535689609362,-1.6949224477313263,-0.08192081381966869,-1.6080773031219828,-0.9119555392193477,-0.5960798058022607
0.016434230982970855,-2.9462105262963463,-1.676761945922165,1.547779317548054,1.3686869884124968,0.2507451154036277,-1.5399165068832552,-0.22559209233936758,0.5603381970673754,-2.033341413817673
2.078020442245314,-2.880308554748329,-1.149335986595734,1.0850902742967068,1.753038082573199,-0.03397622174294915,0.2394352969701289,-0.4664517809979052,-0.22811168235173773,0.1441262809154581
-2.902413449821529,3.009336469596244,-1.5958717471807897,-0.3620845998016811,-1.5417540526073057,1.1281058243341622,0.062287611046992646,0.7987629729192409,-1.4899122014763324,-0.8155728115421957
-2.4622160403206763,2.834520965770278,-1.737724863746241,-1.173693778994722,-1.7743512761538114,0.7260742883881159,-0.09792686366294102,0.40028345064684606,-0.8910578872399606,-0.9205468492582433
-3.1754266485555975,2.6983152278341214,-2.951953925129251,-0.2957241591334834,0.029763334022743962,-0.05152750026626681,-0.07862062661828086,1.0966455041716061,-1.099494059601538,0.42956828861242236
0.5355832487281456,-3.373898954179742,-1.4424505729776116,2.663675255811101,0.3615271997097372,2.4908478934723286,-3.3508933856396266,-0.4038472380557252,1.7730991112933905,0.5376736563831589
-0.03657682355020369,-0.179843988132264,-2.06727186388627,-0.05178705931139202,-2.7468992652595445,-0.029094359330082042,-3.164081740388983,1.2451919006473038,1.62814036114679,-0.06514115906924867
0.5664422073693155,-2.1514235678478357,-0.6343436515656713,3.6756598978682455,0.6284038122527607,1.941660976134557,-2.0574823686268444,-0.4661211440044351,0.353891044255736,1.8676556235186774
-2.124185049481913,0.6910144029547655,-3.6194527832116474,-1.6700569412057773,-1.026906515848172,1.7433419437260425,-3.0185859032201416,1.1182612990852598,0.7663727759244021,1.7952367115683472
0.06838195423776845,-0.9648744464868645,-2.305503939584544,-0.012357867301010033,-4.1661771564786205,0.9296369763636606,-2.429513710972619,1.89340731659238,0.5029938614691526,-0.21100346629846622
0.6348513420542874,-1.3121362460855708,-1.5953488737869883,-1.5620150994339979,0.09466585687507573,-1.2105904099694342,-1.2108236211908323,0.2309541151372567,0.5902134505152942,-0.7129455123699602
-0.8438103888492562,1.9674041741365356,-2.7077506051424263,-1.6147204330413725,0.7501950828411574,1.1817878890826357,0.5114718460133826,-0.9452743795160155,-0.2503349975489411,-0.28032247251361714
-2.2372579593975246,2.993036640417055,-1.6987097316684292,0.016080594857524153,0.4023810008219037,-1.071831435287602,0.9752525898775244,1.2221455617041534,-1.4007420595401827,2.0288292871603457
-1.2178166204882497,3.0965458267819623,-1.2921036622503919,0.397170087524969,-0.060871007394912,0.015669910106208683,0.29256174030134624,-0.2429562507519503,-1.5439193988359028,0.0451669584558237
-8.690732981224334,-2.5079470134675512,1.775486131157418,-0.26912388258866554,-2.539965973612417,-0.8344976582139748,1.6722546423232152,-2.2253741275255643,0.07727208210588565,0.06897728990231637
1.2332840029306171,-2.5004296070764407,-2.478644764949951,0.04296214910296721,-1.4201143668206293,0.9698306681583476,1.55727492936117,0.2789858179910234,0.6793876339065579,0.3762968159981736
-0.8838899120349729,1.7320636406636052,-1.8292314933887224,0.45721278904532753,-0.811144722242576,0.20771518271843803,0.35747016105317175,-0.03997060022430704,2.1076996194994826,0.00809415161520546
-2.591494708976972,3.456450449972868,-1.3982108961443924,1.2035756242193851,0.5887346259089478,-1.2710206879902606,-0.3145987208367227,-0.2451643100156992,-0.2012546675380486,-0.15229995926535855
1.2224623069666003,-1.5012934637876998,-1.5480674057278199,1.1342301569881275,-0.6672160580908214,-2.046203426079884,0.16779631803626285,0.39587678419655703,-0.14743691295751724,-1.1562457046254342
-8.038423920404082,-1.8699331757625817,1.6288373711715944,-0.2248970990344448,0.9918341837361381,-0.447474200644794,-0.2973516333903475,-0.9766248773220767,0.07912363150341511,0.039295985622491834
0.5385147084242942,-2.0693145797701673,-2.3323913703342565,-2.0913992828612993,1.1024041314723652,-2.4315207329820625,-0.9767680995083461,0.15201599601173532,0.7671681650195024,-0.368639907063009
1.1649512964728819,0.6890604963866234,-0.4773427451750154,-0.08043080701338617,0.9470549401249724,-2.355070581883823,-0.483208137069529,0.5866095853574889,0.07569883330121153,0.595357840782852
0.7226420178605604,-2.247896025706956,-2.0590260876167283,-0.13983207877768483,-2.117858011705258,1.0372210231793721,0.7193333362396468,0.9829849442813471,-1.8696265632078366,-0.836169337141014
1.266928948608094,-3.509866026630726,-1.4858593028884335,-0.6016007466743295,-0.1089190209330268,-1.4615323099299133,-0.008105740064327913,0.08304433520973178,1.0821605496684819,-1.4357348768333278
-2.0687254577379903,2.5505538069759877,-0.8035400726725154,0.437707776782777,1.7049703879063565,-0.11132389016866849,-1.7837622741148802,-0.9700697167797808,0.44232726003594397,-1.4016755543855954
0.19153266367028546,-1.9715611688568218,-1.6229544757667813,1.0407524066805245,0.6053391416189532,-0.9510833318740833,0.6765201136721244,-0.20247802671702547,1.414029929626866,-0.1260516222500213
0.7020934713113917,2.8043833168756396,0.5195065301591077,1.5084513083255342,-0.11667047003133282,0.5451258439795919,0.18041917858464954,-0.5536397121526483,-1.4523844194682047,0.40412968598390336
-0.25394147250280796,1.3736924061254823,-0.8732591847038511,0.666700554637007,0.21986609570579416,-1.4196459735963554,0.6776621397760485,0.1038941730129012,-0.11743368321095662,0.17875245257430022
-0.815680678126065,-2.512772193541777,-2.2643351155788505,0.14557620515104436,0.5272435904846886,-1.8837800995750238,-0.19288813548581327,0.8081648839023873,-0.24647088559176147,0.41450073866398873
-3.7781570402717572,3.546141510043594,-2.2444742768159602,0.5872171661123546,1.218307862131228,1.5269201061565283,-0.07228482697611915,-1.0408705570305696,-0.6354652651363719,-0.4201900032956984
0.8172559979740184,-1.110636512832761,-1.4396048164100885,0.14689304612964998,-0.6371574601628243,-2.245084791313519,-0.13703184803474502,1.175712535190752,-0.35503513408388065,-0.28771704029012074
2.6303972733578633,-2.9188937360594998,-1.8498778520447334,-0.2138244170990994,1.6035498907434054,-1.183977696818672,-0.9068463439008835,-0.6623199679877068,0.45848811891272684,-0.8067084116288408
1.3183642888270288,-2.935937077909614,-1.962433678036004,-0.15910010833384514,1.2160737232856098,-1.5647546048863088,-1.0439249914879098,0.5676866835856753,0.39995994142320657,-0.7407709553932229
-9.89713204557074,-2.781786057092938,2.011007966553458,0.27622683298149847,-2.7162603483806915,-0.8049075589824422,0.06071061107114531,-2.6334003712079097,-1.6050046132007192,0.5614933697289388
0.36659721891836333,-4.74991210408054,-3.1626208804159077,-1.6563425972035692,1.9924702802468135,-1.4502367322243541,-0.19922504410084174,0.4165541275874625,-0.6722389979197338,-0.44789584934799653
-9.984914304026939,-3.2645522490568024,0.8485828422193288,-1.075661330544925,-2.446192624291603,-1.5959407340673537,-0.2088704876431319,-2.2374105075981143,-1.780662522871024,0.039651208441306436
-1.6628437758734673,1.2727132920623943,-2.5117989723875946,0.5733606443302488,-0.7601067074393987,1.2905999263915728,-2.5064403874874697,0.26459834446574426,0.7696372141114178,1.4966974722924868
-3.3257425261065046,1.5607901501512633,-2.1416672681777142,1.8444380520931005,-2.1224096752331363,3.036348250165231,-2.7149818103942076,0.5536995101384987,0.220337898846776,-0.16830638076542132
-2.1443485915018807,1.8310982988907987,-1.8012638456620502,-0.3720131556346363,-0.8409457048272702,-0.2506015804929365,-0.049056376789227946,-0.02954486268534853,-0.5125242116328381,-0.7017292605033739
-0.39760704777760625,-0.0026639717500022346,-2.3730331371303666,0.40270606384245833,-0.46719339777557184,-0.4812315938487497,0.6764489712034399,0.12198053401505982,1.1604396683573333,-1.503250547827702
0.5664355760570344,-0.8321317175870807,0.20599310509810484,4.429759868594572,-0.033895596146405665,-2.167366911887118,-0.05116895182360387,0.7224795152873968,-0.7175518727740398,0.39479981978206646
0.928674654855854,0.7834029538519726,-2.6597081302009524,-0.2290371208296065,-0.2992414983458644,0.7146672868695234,2.6143834843142613,-0.6158780053600161,-0.1117549443322706,0.7236408253205885
0.3450269178537125,-1.4888130755018445,-1.3545165791168912,3.100457272099463,0.9107405962715679,0.2479418395880458,2.471861000102562,-0.48209271353351213,0.02019002083818461,1.3942345107338883
0.27333708016865876,1.4600473242824699,-0.936768489731712,1.4280445358132563,0.45586074694979695,-0.43695467530484144,0.05390270203478978,-0.226157572241289,-0.18561133357130843,-0.0812985316727373
-8.664628629347645,-2.8336453763453044,0.5535168950693293,-0.22321527102968747,-1.8492914921551016,-0.21017189573165507,1.7545989298340536,-1.55075813898717,0.5585289000255323,1.3943978343191314
0.2497484486016449,-3.0795360595491954,-4.690893483050424,-1.8165224496643564,-0.8290725702285335,0.16478699119548945,1.5962374104254287,0.902088417781987,0.4068124967417777,2.1842031398650406
-0.4425801888581044,-1.7296769068624327,-2.0500751202850416,0.6453833957344589,-0.15899304973234252,-0.40248205336800874,1.0605299490473281,0.6363028092021776,-1.2603656976176836,1.138644310422272
-5.696037154295176,-1.3910422885112574,0.6783144133344234,-0.05287109751868852,2.030957468650173,-0.7495995503643925,1.8912302594246007,2.1675844925030088,2.4189290309520097,-0.3391843465784426
-8.687632286952113,-2.3539267868862166,1.2708591806499285,-0.190233953075231,-0.5892772372112538,-1.0957206790574407,1.0098861626444586,-2.6861378413406114,0.5875512701169541,-0.5967098168573541
-3.8792099492809387,2.764511448479615,-1.6020571124847167,1.2603233670157041,0.08126756741840292,1.0570019366844705,-0.7112334337289264,0.3760993318744712,-1.6825790576350195,-0.7458141267259814
-8.838278095299462,-3.4952588074890456,1.035413444165329,-0.8828212854774901,-2.794747371139076,-0.5048667523980414,-2.557990973825787,-1.8087172891026955,1.5016223300375224,1.5430980983272062
-8.63868637751524,-2.9956588219045317,0.6557813653854859,-0.70312333109634,-2.1055290267121145,-2.085229343256444,0.11614402184784611,-1.7290994141492102,-1.3192436570234753,-0.04861364500389933
0.31845257838184127,-1.8564363987899664,-1.5096648891821876,0.809080726367525,0.9215772472705877,-0.9924834155353428,-0.8067930634760755,-0.07267633836488552,0.09632327996672371,-0.5143211094174526
0.9877980773297348,-3.3726834869568565,-2.652652170574934,0.5563356305247854,0.5222250844858416,-1.2912462251662098,0.03639412663431976,0.5123193159053067,0.0661601384910467,-0.2974048758215715
-1.5842314927439147,0.669633826470257,-1.6486398849812685,2.1215420053466145,0.7883468049842477,-0.3004068710175228,-1.3511603976081696,0.11513393707559884,-0.12544972879940303,-0.5013986777585193
-2.80705545440176,2.680149320220296,-2.440207444084171,1.2282139528419356,0.5954775969230648,0.36807088402457844,1.4816082112389786,0.2305333103163551,-0.2654757987761431,0.6576659798417138
-1.2860286627843038,0.7258094142610224,-3.301893377515152,-0.9610393506585615,1.1437996206191063,-0.5667912794807904,0.17537693701928997,0.3679849968097536,0.08040193810336917,-0.45287892833637655
0.8478919730470617,-3.1614534155760077,-2.5763869992341073,0.8740972872566445,-0.4925868917645514,1.1216228325849562,1.4282358492508687,-0.07151228379783048,0.8226890240665268,1.4825098731968542
-0.5306763603914209,-1.0475790095578106,-3.972989358549397,-2.1247565671819766,0.1955172574412414,0.4739549794638599,-0.5606655611362152,0.4909252608989915,0.3911433350289681,-0.7286037752671427
-2.77220843063156,2.1874978503950975,-2.6704641488393244,0.39032804319664127,-0.40690871294661607,-0.8156360883256344,-0.1779378450966545,1.0271225564896365,-1.3230669378868165,0.36311282842296305
-9.543457562442313,-2.7953911124944746,1.0335625636465566,-0.8244605759685094,-0.347502193355452,-1.5575239932048814,-0.5603359906975308,-1.292075729239856,-0.15528687425788681,-0.3800006796481728
-8.800501641088683,-3.1181178115837027,0.8992189759834026,-0.19822155917635872,-4.4510168888855155,1.1459048102186027,-1.4653392954804703,-1.18233957833861,-0.1635503314928294,1.3627429596227643
0.5977234446039635,-2.490387267660631,-2.0066924386310117,1.3430981160809017,0.5263240742935,-1.3523572823181431,-0.22264725388454698,-0.4421055465730233,1.090585071413727,-1.246863633070229
-8.821406855509611,-1.7561282403601495,1.8885887499866258,0.74668153049885,-1.0597524633488555,-1.450229469525324,-0.10804747420565984,-1.6049452591242137,-1.054532899015608,0.47756741783914375
0.059376054188182883,-3.252583627996361,-1.3875945725681216,3.040213703432752,2.5669535968275854,-0.8848833188381889,-0.7768361862201266,-0.4014080014376003,1.2799088342424545,-0.8087436183892079
-3.2471514785518676,2.2773780143693716,-1.986926893565272,0.8888335023604488,0.21000753960314605,-0.1342767081364358,-0.9002314412482965,-0.5636118776573774,0.8519383077089394,-2.2380980099532635
-1.1078121118358641,-0.32358182138616026,-2.3324124068343095,1.334413153883971,-2.191941319410109,-0.2329834267097181,1.297584221650367,1.0857399563647008,-0.1592493114481439,-0.306401753590073
-0.8584820155672925,-1.0765449364397006,-1.3955727926139736,3.8519536799527163,0.806973253493527,0.161610585147336,0.761058533327747,-0.19378991494552097,-1.243880153203664,0.4354396825503673
-1.2662603536707229,1.8824335307137061,-2.7637306408842806,0.8938447911041466,-1.6033314936875898,0.8559611838659975,1.125661171881339,0.5536074063006153,-0.7051879290857335,-2.2696504236965716
0.4172206264609917,-0.7041349843226031,-2.482533515827871,0.5309197353481601,0.7962033947130761,-1.5832764712380651,0.30140909996506376,-0.16134935556902505,-0.649424831511186,0.05643887039648903
0.6906478395371666,-2.5778664495344437,-3.999930455116867,-0.24770712771148934,-1.133106764473348,-0.7812653122887188,0.9669944731178227,1.289628896926346,-0.801194329685643,-1.4878068542465104
-1.1070517730036855,0.5592731587964347,-3.8171331830985693,-0.5959055013544835,0.025486923300184438,0.36496885775259075,0.35886519000604983,0.33616333412776633,-0.6180471983866223,-0.4805680596378107
-1.224310234190177,-0.4560566620835051,-3.4327955371747736,0.0529688191440398,-1.44364062391343,-0.5911736457824743,0.7678344817114139,0.6713594632677115,1.1998033012068445,-1.4198437056620143
-5.581497108349646,2.739525758264001,-3.0391822923217546,0.7330282531846768,1.5602891665386882,0.9120275847656839,-0.23948621705401058,-0.7332648149432617,1.4931062990914337,-0.6251698465374681
-3.4934273346350895,1.8881272045621802,-3.1841971138964387,-0.08252549787538355,-0.9910021322980958,-0.5574032517371452,1.1984378608857855,0.9517395346459946,0.3038058938130187,0.5506935368944001
0.22425594547160083,-2.321877219418103,-2.9474605903313686,0.9749221767679508,-1.354997170249316,0.5723328431762008,1.6355059325056045,0.5404887889252119,-1.4571447049570738,-1.341112563486106
-0.7970421739373841,-3.701362975339699,-3.9932496703222546,-0.5245411238934672,0.5812514157443094,0.08581453076423803,1.1949906885553716,0.2625534521067174,1.198072023005101,1.8142217352330972
-10.11642901940056,-3.380927338701909,0.619287733990207,-1.296703464077437,-1.7997240577648088,-1.7643134770061315,-0.04933819166703788,-1.9121414578205993,-0.8596418960089891,-0.6788838582995701
-5.655993341559698,3.5186993789070056,-1.1440113891084154,2.1673283522332008,1.9615677248044783,-0.6655029515459027,-0.05074040218632667,-0.9935387000835958,-0.23709749507207367,0.6020374247440319
-0.1744737889139306,2.2403959901418116,-2.1526346930725184,1.1355367730739838,-1.5762313680535598,2.2762653742606065,3.0218886381319194,-0.8287644183117446,-0.15306035949692712,-0.7758063576492058
-0.5795379509735127,-1.8751167000285904,-2.804149008527103,3.075161589630796,-0.8872535287375566,2.7564812161655654,1.5501950379928486,-0.5690423423916874,0.293718838176175,-0.1440670969420022
-3.0589070793786326,1.4287982133194153,-3.7944566386723313,-0.30389543803595137,0.3507228630327425,0.10127422416981947,0.17326344844020172,-0.6625098303393238,2.471123308509861,-0.28117644824727067
-4.530702194494699,1.5137370282951184,-3.488377117624045,0.3529578357474854,0.5401811909740697,0.43446624027583025,-0.04117757586219338,-0.8387226795373234,-1.255888751980504,-0.5190143083318557
-1.4601183489656728,-1.555652138039677,-3.272710136395301,0.829192076953423,0.5549863090972298,-0.6522473917790136,0.5065707647505489,0.628819585910538,-1.2995586987019128,1.3319779781928547
-1.2440774683107505,-0.4138916297098632,-2.8866727797033502,2.3521021214966136,0.06690859655214416,0.013944276803938702,0.9192064605600021,0.7438858816769527,0.8750937357405887,1.0420782117861487
-3.0582909860898573,0.7634425217065475,-4.97882526780693,-1.077496444132031,0.09957453172621285,-0.3355324267625966,-0.05933640707873129,0.6424924741664714,-1.1885669612049283,-1.0390950679217397
-1.3958692884183548,-3.6462410814744346,-3.4705685566627906,1.9266253671070155,0.6015858344645761,-0.8137983196576773,0.29381932993916315,0.8043296979772735,-1.327303236349385,0.24025330477594908
-1.2734982616552897,0.701863428833392,-2.6579002163964374,1.2282931568743631,-0.4854083877416706,-0.7889958841087508,0.1370040360525301,-0.5118909130724829,-0.547638272065222,-1.6059957843343637
-8.700379843795018,-2.747270148563364,-0.05969319173398401,-0.77036237987246,-0.25357625709349846,-0.45740208945440997,1.0462464168175512,-1.6057561867432326,2.58915565114724,-0.30431126067219655
-1.852264495473129,-3.3299835872356858,-4.04541363523137,2.8343164001758696,1.9692246083860014,-0.6001768167659557,-0.36019228346278304,-0.2778055751539307,-0.6677917536689953,-0.6984177964427715
-2.1816851756106237,-2.0220963145841617,-4.074267980443048,3.0845342550898067,0.6373213954021351,-1.0811270236612551,2.12747831477889,0.7537505509724663,0.27428959294903027,0.25183445324396914
-4.251653299600681,0.6430620282240265,-5.380626062701146,-0.5219986974423357,2.521274361824379,0.18146134312509696,0.43765026675238156,-1.1403529898172922,2.0258796316576686,0.5705747595799339
